<?xml version="1.0" encoding="UTF-8" standalone="yes"?>
<addon id="plugin.video.giraffe.seasonvar"
       name="[COLOR FF7B68EE]giraffe.[/COLOR][COLOR FFFFD700]Seasonvar[/COLOR]"
       version="0.0.4"
       provider-name="weirdgiraffe">
  <requires>
    <import addon="xbmc.python" version="2.20.0"/>
    <import addon="script.module.requests" version="2.9.1"/>
  </requires>
  <extension point="xbmc.python.pluginsource" library="run_plugin_video.py">
    <provides>video</provides>
  </extension>
  <extension point="xbmc.addon.metadata">
    <summary lang="en">giraffe. Seasonvar plugin.</summary>
    <description lang="en">simply play episodes from seasonvar.ru</description>
    <platform>all</platform>
    <language>en</language>
    <disclaimer> report any issues with this addon to giraffeoncode@gmail.com</disclaimer>
  </extension>
</addon>
